﻿<?xml version="1.0" encoding="utf-8"?>
<LEConfig>
  <Profiles>
    <Profile Name="Run in Japanese" Guid="a76bbeab-b1f1-4418-b75a-e76b1042370a" MainMenu="false">
      <Parameter></Parameter>
      <Location>ja-JP</Location>
      <Timezone>Tokyo Standard Time</Timezone>
      <RunAsAdmin>false</RunAsAdmin>
      <RedirectRegistry>true</RedirectRegistry>
      <IsAdvancedRedirection>false</IsAdvancedRedirection>
      <RunWithSuspend>false</RunWithSuspend>
    </Profile>
    <Profile Name="Run in Japanese (Admin)" Guid="dbf938e4-6a96-40cd-98e5-eb1076b961d7" MainMenu="false">
      <Parameter></Parameter>
      <Location>ja-JP</Location>
      <Timezone>Tokyo Standard Time</Timezone>
      <RunAsAdmin>true</RunAsAdmin>
      <RedirectRegistry>true</RedirectRegistry>
      <IsAdvancedRedirection>false</IsAdvancedRedirection>
      <RunWithSuspend>false</RunWithSuspend>
    </Profile>
  </Profiles>
</LEConfig>